Term,Definition
Asset Allocation,"Asset allocation is an investment strategy that involves dividing your investment portfolio among different asset classes, such as stocks, bonds, and cash, to achieve a specific risk and return objective."
Diversification,"Diversification is the practice of spreading your investments across various assets or asset classes to reduce risk and increase the likelihood of positive returns."
Return on Investment (ROI),"ROI is a measure of the profitability of an investment. It is calculated as the net gain or loss from an investment relative to the initial amount of money invested."
Stock Market Index,"A stock market index is a benchmark that tracks the performance of a specific group of stocks or the overall stock market. It provides insights into market trends and performance."
Dividend,"A dividend is a payment made by a corporation to its shareholders, usually in the form of cash or additional shares of stock, as a reward for investing in the company."
Capital Gains,"Capital gains are the profits earned from the sale of an asset, such as stocks, real estate, or other investments, at a price higher than the purchase price."
Bull Market,"A bull market is a period of rising stock prices and overall optimism in the financial markets. It is typically characterized by increased investor confidence."
Bear Market,"A bear market is a period of declining stock prices and overall pessimism in the financial markets. It is typically characterized by a prolonged downturn."
Liquidity,"Liquidity refers to the ease with which an asset can be bought or sold without significantly affecting its price. Highly liquid assets are easily tradable."
Market Capitalization,"Market capitalization, or market cap, is the total value of a publicly traded company's outstanding shares of stock. It is calculated by multiplying the stock's current price by the total number of shares."
P/E Ratio,"The price-to-earnings ratio (P/E ratio) is a valuation metric that compares a company's stock price to its earnings per share (EPS). It is used to assess the relative value of a stock."
Hedge Fund,"A hedge fund is an investment fund that employs various strategies, including leveraging and short-selling, to generate returns for its investors."
401(k),"A 401(k) is a retirement savings plan in the United States that allows employees to contribute a portion of their pre-tax earnings to a tax-advantaged investment account."
Bullion,"Bullion refers to precious metals, such as gold and silver, that are in the form of coins, bars, or ingots and are used for investment purposes."
Market Order,"A market order is a type of order to buy or sell a security at the current market price. It ensures that the trade is executed quickly but may not guarantee a specific price."
Blue Chip Stocks,"Blue chip stocks are shares of large, well-established companies with a history of stable performance. They are considered reliable and often pay dividends."
ETF (Exchange-Traded Fund),"An ETF is a type of investment fund and exchange-traded product, with shares that are tradeable on a stock exchange. It typically tracks an index, commodity, or a basket of assets."
Option,"An option is a financial derivative that gives the holder the right, but not the obligation, to buy or sell an underlying asset at a predetermined price before or at the option's expiration."
Bullion Market,"The bullion market is a marketplace for buying and selling precious metals, such as gold and silver, in the form of bars, coins, or other standardized units of weight."
Margin Call,"A margin call occurs when an investor is required to deposit additional funds into a margin account to meet minimum equity requirements. It is triggered when the value of the account falls below a certain level."
Yield,"Yield is the income generated by an investment, usually expressed as a percentage of the investment's market price or face value. It is commonly used in reference to bonds and dividend-paying stocks."
Futures Contract,"A futures contract is a financial derivative that obligates the buyer to purchase, or the seller to sell, an asset at a predetermined future date and price."
Market Timing,"Market timing is an investment strategy that involves making buy or sell decisions based on predicting future market price movements. It is often considered speculative and difficult to execute consistently."
Blue Sky Laws,"Blue sky laws are state regulations designed to protect investors from fraudulent or unscrupulous securities practices. These laws vary by state and typically require registration of securities offerings."
Gross Domestic Product (GDP),"Gross Domestic Product is the total value of all goods and services produced within a country's borders within a specific time period. It is a key indicator of a country's economic health."
Bond,"A bond is a debt security that represents a loan made by an investor to a borrower, typically a government or corporation. Bonds pay periodic interest and return the principal amount at maturity."
Maturity Date,"The maturity date is the date on which a financial instrument, such as a bond or a certificate of deposit, becomes due for payment. It is the date when the principal is repaid to the investor."
Market Volatility,"Market volatility refers to the degree of variation in the price of a financial instrument over time. High volatility indicates larger price swings, while low volatility suggests stability."
Penny Stocks,"Penny stocks are low-priced, speculative stocks of small companies that often trade at very low market capitalizations. They are considered high-risk investments."
Mutual Fund,"A mutual fund is an investment vehicle that pools money from multiple investors to invest in a diversified portfolio of stocks, bonds, or other securities."
Cost of Capital,"The cost of capital is the required return necessary for a company to make a new investment, project, or finance its operations. It includes the cost of debt and equity."
Exchange Rate,"Exchange rate is the value of one currency in terms of another. It determines the price of foreign exchange, affecting international trade and investment."
Credit Rating,"A credit rating is an assessment of a borrower's creditworthiness, indicating the risk of default on debt obligations. It is assigned by credit rating agencies."
Liquidity Ratio,"Liquidity ratio is a financial metric that measures a company's ability to meet its short-term financial obligations by comparing its liquid assets to its short-term liabilities."
Market Capitalization Weighted Index,"A market capitalization weighted index assigns greater weight to stocks with higher market capitalizations. The performance of the index is driven by the largest companies in the index."
Yield Curve,"The yield curve is a graphical representation of the interest rates of bonds with different maturities. It is often used to gauge economic conditions and interest rate expectations."
Technical Analysis,"Technical analysis is a method of evaluating securities by analyzing statistical trends and patterns in historical price and trading volume data."
Fundamental Analysis,"Fundamental analysis is an investment approach that involves evaluating a company's financial health, performance, and competitive position to determine its intrinsic value."
Market Sentiment,"Market sentiment refers to the collective attitude and emotional state of investors and traders towards the market. It can influence price movements and decision-making."
Asset Backed Security (ABS),"An asset-backed security is a financial security backed by a pool of assets, such as loans or receivables. These securities are typically sold to investors as a means of raising capital."
Risk-Free Rate,"The risk-free rate is the theoretical rate of return on an investment with no risk of financial loss. It is often used as a baseline for comparing the return on other investments."
Stock Split,"A stock split is a corporate action that increases the number of a company's outstanding shares while reducing the price per share. It does not affect the overall market value of the shares owned."
Short Selling,"Short selling is a trading strategy that involves borrowing and selling a security with the expectation that its price will fall, allowing the trader to buy it back at a lower price and profit from the difference."
Market Capitalization Ratio,"Market capitalization ratio is a measure of the size and scale of a company relative to its competitors or the overall market. It is calculated by dividing a company's market cap by a relevant financial metric."
Penny Stock Pump and Dump,"A penny stock pump and dump is a fraudulent scheme where the price of a low-priced stock is artificially inflated (pumped) and then sold off (dumped) at a profit, often leaving other investors with significant losses."
